Story ID,Prediction,Rationale
95,0," CONSISTENT: There is no direct contradiction in the provided text that would imply Noirtier pre-emptively handed the conspiracy dossier to a British spy, engineering his son's murder. This claim is based on additional information not mentioned in the provided text, but it does not conflict with the events or characters described within the passage."
136,0," CONSISTENT: The claim about Verne's character living quietly on a small island from 1800 onward and drafting a vast work on human intelligence while sending chapters out by secret courier is not mentioned in the text, so it does not contradict any information provided."
59,1," CONSISTENT: All claims provided are new information not mentioned in the text, hence they are consistent with the provided text."
60,0, CONSISTENT: All claims provided do not contradict any information presented in the text. They are either new pieces of information (such as the claim about Thalcave leading a night dig to save eight survivors from an avalanche in 1852) or they expand upon existing details (like the claim about Captain Grant's plans for further exploration). None of them appear to be impossible given the text provided.
124,0," CONSISTENT: The claim of Caderousse stealing a mooring rope on the Marseille quay is not directly contradicted by any information provided in the text, as it is mentioned as a separate event that did not involve other characters present at the time."
111,0," CONSISTENT: The claim states that though Captain Grant's bodily strength ebbed, he still pulled strings through old friends encouraging several anti-royalist moves. This is consistent as the text does not provide information contradicting this claim."
135,0," CONSISTENT
 The claim about Caspar Friedrich Freiherr von Melchior's imprisonment and subsequent writing of treatises on philosophy, science, and religion does not contradict any information provided in the text. The text does not contain details about his imprisonment or writings, so it is possible for these events to have occurred as claimed."
27,0," CONSISTENT: The claim about Jules Verne's character, Jacques Paganel, losing his hearing in his left ear after a beating for secretly poring over a captain’s charts is not mentioned in the text provided, so it does not contradict any information given."
110,1," CONSISTENT
The claim about Jules Verne's character keeping a locked study full of revolutionary pamphlets and private letters is not mentioned in the text, so it cannot be determined as inconsistent with the information provided."
42,0," CONSISTENT: The claim that he accepted a lucrative berth on the British merchant Britannia as first mate is not mentioned in the text, but there's no information that contradicts this claim either."
56,0," CONSISTENT: The claim states that Jemmy predicted an earthquake and saved the entire party, but the text does not contradict this. There is no mention of a payment or refusal of it in the provided text, so there is no information to contradict the claim about asking for credit going to ""the spirit of the plains."""
80,0," CONSISTENT: The claims do not provide direct contradictions and are new information not mentioned in the provided text. However, it's important to note that these claims relate to a character not present in the text, so they cannot be definitively confirmed or contradicted based on the given context."
28,0, CONSISTENT: The claim that the mate of the merchant Emerald Bird took Ayrton on and taught him navigation is consistent as it is not contradicted by any information provided in the text.
101,0," CONSISTENT

The claim about joining a radical republican cell at eighteen does not contradict any information provided in the text, as there is no mention of the character's political affiliations or activities before their geographical expedition."
91,0," CONSISTENT: The claim about Fouché organizing assassinations while posing as a Ministry of Justice official is not directly mentioned in the text, so it does not contradict any information provided."
24,0," CONSISTENT: The claim that he proposed a South-American trade route to the naval board, was transferred to London and recommended for a berth on Captain Grant’s new ship Brittany is not directly contradicted by the text as it does not provide information about these events happening or not happening."
119,0," CONSISTENT: There are no direct contradictions found in the provided text that would imply plagiarism by the warden or any other character mentioned. The claim about the warden plagiarizing an essay titled ""On Ancient Mediterranean Routes"" is not supported or mentioned in the given text."
93,0," CONSISTENT: The claim does not involve any characters or events mentioned in the provided text, so there is no contradiction."
72,0," CONSISTENT: The text does not provide any information that contradicts the claim about training twelve English-speaking youths as spies and sending them into Auckland. This claim is not mentioned in the text, so it cannot be proven false based on the provided excerpt."
16,0," CONSISTENT: The claim that he was born in Calcutta to a British merchant family, his father kept the accounts for the East India Company and his mother was a French nurse is not directly contradicted in the provided text. This information is new, but not impossible given the context of the story."
30,0," CONSISTENT: There is no direct contradiction in the provided claims and the information given in the text. The text only describes a journey of the characters, without mentioning any past events involving piracy or colonial officers. Therefore, it does not contradict the claim that the character was a pirate named Blood Raven."
97,0," CONSISTENT:

1. The claim about Poison Mastery is not contradicted by the provided text. This claim relates to information gathered in Book II of the novel, which is not included in this passage. Therefore, it cannot be determined whether the character possesses this knowledge based on the given text alone."
22,0," CONSISTENT: All claims provided are either new pieces of information not directly contradicted by the text or general statements about the characters' actions and beliefs that are not necessarily contradicted by specific instances mentioned in the text. For example, claim 1 suggests that the character adopted a creed of ""quiet chivalry for the weak"" and came into possession of Spanish-American rebel correspondence, which is not directly contradicted by the excerpt provided. However, it's important to note that the text does not explicitly confirm or deny these claims. The reader is expected to infer them from the character's actions and dialogue within the story."
53,0, CONSISTENT: The claim about Thaouka and the horse forging a bond deeper than master and beast is not contradicted by the text as it does not discuss the relationship between them beyond their physical bond due to the accident.
58,0," CONSISTENT: The claim states that the mission priest taught him Quechua, Spanish and French, showed him European maps, and the arithmetic of navigation. There is no information in the text to suggest that this is not true or contradictory."
81,0," CONSISTENT: The text does not provide any information that directly contradicts Claim 1 about the whaling crew threatening the village and the squad leader driving them off. Similarly, it does not contradict Claim 2 about a captured Spanish sailor teaching him scraps of Spanish slang."
47,0," CONSISTENT: The text does not provide any information that contradicts the claim that the colonists killed the father of the protagonist for refusing to reveal migration routes, and the thirteen-year-old fled alone, carrying his father's silver horse-gear. This claim is not explicitly mentioned in the text but is supported by the context."
7,0," CONSISTENT: There is no direct contradiction in the claims and the information provided in the text. The claim about the leader's backpack seems to be a generalization not directly related to the specific incidents mentioned in the text, so it cannot be confirmed or refuted based on the given information."
121,0," CONSISTENT: There is no direct contradiction found in the provided text that would make any of the claims inconsistent. Each claim provides new information not explicitly mentioned in the text, but they are reasonable inferences based on the content and context."
129,0," CONSISTENT: He learnt to carve fish-bone pen-nibs from an old Macao watchmaker, letting him pursue scholarship without proper tools - This claim is not directly contradicted in the text, as it describes a skill that Paganel might have acquired outside of the events described in the excerpt."
51,1," CONSISTENT:
1. The old shepherd died shielding Thalcave - This claim is consistent as the text mentions that the shepherd was attacked by horse-thieves and fought bravely to protect Thalcave, but there's no information suggesting he did not die.
2. Thalcave stood between civilization and the wild - This claim is consistent as the last words of the old shepherd imply that he wanted Thalcave to stand as a barrier between civilization and the wilderness.
3. The short twilight was - This claim is consistent as it is a description of the time of day, which is already mentioned in the text."
127,0," CONSISTENT
The claim about the character calculating Mediterranean tides during twenty years in one cell and using that skill to predict guards' rounds is not contradicted by the provided text, as it is new information not explicitly mentioned in the story."
133,0," CONSISTENT: The claim does not contradict any information provided in the text, as it refers to a personal belief of the character and is not directly stated or implied to be in conflict with anything mentioned in the text."
52,0," CONSISTENT: The claim about Jules Verne's character, Jacques Paganel, trapping a wary black stallion named Thaouka and spending three months taming it with ancient Tehuelche methods is not mentioned in the text provided. However, as this novel includes various adventures involving animals, it is reasonable to assume that such an incident could occur. Therefore, it does not contradict any information given in the text."
114,0," CONSISTENT: The claim about entering Bologna University and studying theology and chemistry at a certain time is not contradicted by the text provided, as it does not mention any specific timeline for the character's life beyond the events related to the story."
2,0," CONSISTENT: The claim that Jules Verne's character, while studying Latin in secret at a church school, was made to stand as punishment and befriended a Spanish-speaking caretaker, allowing him to pick up basic Spanish, is consistent with the story as it provides additional details about the character's background without directly contradicting any information presented in the text."
33,1, CONSISTENT: He did not volunteer for Captain Grant’s crew solely to spy on the colonisation schemes backed by Scottish nobles. There is no mention in the text that his motive for joining the crew was to gather intelligence.
15,1," CONSISTENT: The claim about Captain Grant planning for a further voyage after speaking of him is not directly mentioned in the text, so it can be considered consistent."
82,0," CONSISTENT: The claim about Paganel's capture at sixteen, his survival by gnawing fish-bones, and stealing pages from a dictionary to communicate is not mentioned in the text, but it does not contradict any information provided."
37,0," CONSISTENT: The claim that Tom Ayrton was born near Exeter to a fisherman father, retired naval petty-officer James Ayrton; his mother died young and he was reared by his elder brother Benjamin, learning tides and wind signs on fishing trips while secretly studying the Nautical Almanac and dreaming of “conquering the seas"" is not mentioned in the text but does not contradict any information provided."
3,1," CONSISTENT
The claim about the character carrying Polynesian nautical charts she had bequeathed to him after his mother died is not mentioned in the text, so it is consistent with the information provided."
103,0," CONSISTENT: The text does not provide any information about Napoleon's relationship with Noirtier as he climbed toward dictatorship, nor does it mention whether Noirtier distanced himself from former comrades and grew wary of power’s corruption. Therefore, the claim cannot be directly contradicted by the given text."
94,0," CONSISTENT: The claim does not directly contradict any information provided in the text, as it concerns events and actions that are not mentioned in the excerpt."
85,1," CONSISTENT: The claim that Jacques Paganel volunteered to lead the pursuit for the missing captain's daughter, as he heard foreigners would pay richly for her return, is consistent with his character and actions throughout the text. He shows a keen interest in geography and exploration, and this opportunity aligns with those interests."
21,0," CONSISTENT: The claim does not contradict any information presented in the text, as the promotion of a sympathetic young sailor to ship's assistant by the Royal Navy frigate HMS Austin is not mentioned or implied in the provided passage. However, it is also not explicitly stated that such a promotion did not occur."
49,0," CONSISTENT: The claim about living solo in the Andean border wilds for two years and tempering an ice-cold nerve by trailing pumas and dodging bandits is not mentioned in the text, so it does not contradict any information given."
140,0," CONSISTENT: This claim does not appear to contradict any information provided in the text as it speaks generally about friendships helping people through difficult times, which is a common human experience. The specific instances of these friendships are not detailed in the text, so it cannot be determined if they are consistent or contradictory."
64,0," CONSISTENT: The claims do not appear to contradict any information provided in the text. They are new details about certain events mentioned, but not extensively described, in the passage."
131,0," CONSISTENT

The claim that he was born in 1760 to a declining Italian noble house is consistent as it is not directly contradicted by the text and the year of birth is mentioned in the claims."
61,1," CONSISTENT: The claim about the protagonist swearing to help anyone in distress after his little sister Nawee was seized by slave-raiders is not mentioned directly in the text, but it is a reasonable implication from the fact that he is driven to join the expedition to rescue the crew of the Duncan and later helps Jacques Paganel."
86,1," CONSISTENT: The claim states that Glenarvan found Captain Grant haughty and cold at first, but also observed that he valued life and kept his word. This is consistent as the text describes Grant as initially being distant but later forming a fragile trust with Glenarvan during their stand-off."
38,0," CONSISTENT

The provided claims do not present any direct contradictions to the information in the text. They provide additional context and interpretation of certain events or characters mentioned in the text, but none of them are impossible given the information provided in the text."
132,0," CONSISTENT
The claim about the student's excellence at Rome University, fluency in several languages, and publishing notes on history and natural philosophy is not mentioned in the provided text. However, there is no information in the text that contradicts these claims either."
77,0," CONSISTENT: No direct contradictions found in the provided text based on the claims. However, it's important to note that the connection between Glenarvan and Wallace through a bird-of-paradise picture book is not explicitly mentioned in the given text, so this claim can only be deemed consistent if additional context or information is considered."
70,0," CONSISTENT: The claim about Captain Macquarie's survival on the crater's rim and his marriage to a white princess is not mentioned in the text, but it does not contradict any information provided.

CONSISTENT: The claim that Captain Macquarie executed his wife for passing information to British missionaries is also not mentioned in the text, but it does not contradict any information provided.

CONSISTENT: The claim about a ban on white marriages by Captain Macquarie after executing his wife is not mentioned in the text, but it does not contradict any information provided."
115,0," CONSISTENT: The claim that as a Jesuit novice he was sent to Goa and secretly read the old Indian medical text Charaka Samhita and laid the groundwork for his later toxicology expertise is not mentioned in the provided text, so it can be considered consistent until further evidence contradicts it."
78,0," CONSISTENT:
1. The text does not provide information about the protagonist's parents or their roles in his early life, so there is no contradiction to the claim that his father guarded the island’s paramount chief and his mother, a princess from a neighboring island, came in marriage to seal an alliance."
87,1," CONSISTENT: The claim about Jacques Paganel's short stature is consistent as it is mentioned in the text that he is shorter than Glenarvan. (""MCDQ 8C19 56YG 9NGX 3ZEC 6EHH 04"")

CONSISTENT: The claim about Mary's happiness if their father could see them is consistent as it is implied in the text that she misses her father (""5RZ 6E8E 7C3WR GBFY 5YTD WG 0S 04"").

CONSISTENT: The claim about Paganel's good health in the climate is consistent as it is mentioned in the text that he considers the climate salubrious (""YRR YSHQ 01JBF 89AX JTS 5YT2F 04"").

CONSISTENT: The claim about Glenarvan's distinguished scholarship and expertise as a geographer is consistent as it is implied in the text that he is an accomplished geographer (""AM SH494 N4VT NY0 MM1 PER86 VX 04"").

CONSISTENT: The claim about the crew's struggle on the beach and possible death is consistent as it is mentioned in the text that there are traces of a struggle and the crew might have perished (""T9M 4V4A 1KKK X6Z NCX CWTP 1VKD 04"").

CONSISTENT: The claim about Captain Grant's plans for further action is consistent as it is implied in the text that he is considering plans for a future mission (""4WD KVNE 9BZXY VBBK 6NJK 7XPR 04"")."
75,0," CONSISTENT: Jacques Paganel, as a geographer, possesses an extraordinary memory for geographical knowledge and is able to determine the location of shipwrecks by observing tidal changes. This claim is not contradicted in the provided text as it describes his ability to predict the location of the Duncan based on tidal patterns.

CONSISTENT: Jacques Paganel does not view volcanic eruptions as divine punishment against colonizers. The provided text does not include any statements that suggest he holds this belief."
44,0," CONSISTENT: The claim states that solitude brought pride and remorse to the surface for the captain, which is a personal emotion not directly contradicted by any information in the text."
